{"current_zoom": 1, "scales": {"1": 85.0}, "scales_1km": {"1": 540.0009259251322, "2": 4510.277153346566, "3": 55.57877292636101}}